0,동물_펫,https://www.youtube.com/channel/UC22go5LdQEw-iDuxFb4C0hw
1,동물_펫,https://www.youtube.com/channel/UCmLiSrat4HW2k07ahKEJo4w
2,동물_펫,https://www.youtube.com/channel/UCLsj_Re3SxtkbZfX_ypY1eQ
3,동물_펫,https://www.youtube.com/channel/UCP1CQH2PVJv4-glNTuVJl3g
4,동물_펫,https://www.youtube.com/channel/UCij19II32Olbu8_vghmYNCA
5,동물_펫,https://www.youtube.com/channel/UC3PSZivQbIegrfavj4fmgQQ
6,동물_펫,https://www.youtube.com/channel/UCnjyiWHGEyww-p8QYSftx2A
7,동물_펫,https://www.youtube.com/channel/UCee1MvXr6E8qC_d2WEYTU5g
8,동물_펫,https://www.youtube.com/channel/UCkuA_gDjISfGgbdp02BUwyQ
9,동물_펫,https://www.youtube.com/channel/UCOp66Vup07X0YziXaaxqs2A
10,동물_펫,https://www.youtube.com/channel/UCOv1v2iptqYMVEwLAIUOhPw
11,동물_펫,https://www.youtube.com/channel/UCbm5zxzNPhRyGx0O477O7bA
12,동물_펫,https://www.youtube.com/channel/UC9qVIyKKwLRV00TL2MFQdzQ
13,동물_펫,https://www.youtube.com/channel/UCDYyCQAk60CqabvkL5gU3Mw
14,동물_펫,https://www.youtube.com/channel/UC-IYpdOqjkER7B6cnChwlhA
15,동물_펫,https://www.youtube.com/channel/UC5AAf4_zZxk-mCl46TogZQQ
16,동물_펫,https://www.youtube.com/channel/UCwl9OALh8IMwSv_kFdHlMDA
17,동물_펫,https://www.youtube.com/channel/UCrailkufB1aKrKc6l1osRgw
18,동물_펫,https://www.youtube.com/channel/UCzjDgV-G8_J-iRbkYktqyGQ
19,동물_펫,https://www.youtube.com/channel/UC2BDs0pu-C1A4POY0g9rZxw
