0,뷰티_패션,https://www.youtube.com/channel/UCT-_4GqC-yLY1xtTHhwY0hA
1,뷰티_패션,https://www.youtube.com/channel/UC9kmlDcqksaOnCkC_qzGacA
2,뷰티_패션,https://www.youtube.com/channel/UC7gDQCxC1wr955ECW6wSOoA
3,뷰티_패션,https://www.youtube.com/channel/UC6sK-8-j1jmQFuxmuk9ainw
4,뷰티_패션,https://www.youtube.com/channel/UCuZu8NrpBG4WPXRi-hPBl-A
5,뷰티_패션,https://www.youtube.com/channel/UCQlWvudiTjnZSkFizAhe-2A
6,뷰티_패션,https://www.youtube.com/channel/UC5xK2Xdrud3-KGjkS1Igumg
7,뷰티_패션,https://www.youtube.com/channel/UCKo9E6a6-E40CC6OdSbvcdA
8,뷰티_패션,https://www.youtube.com/channel/UC2tfQfxl_wmAosF4ES_zULw
9,뷰티_패션,https://www.youtube.com/channel/UCaQHxlbPAmh7VWRudyRkwjw
10,뷰티_패션,https://www.youtube.com/channel/UCzDTOmSRs8c_ej7XRvn53og
11,뷰티_패션,https://www.youtube.com/channel/UC3y1VNzSbMVIUlKC2ErEVZw
12,뷰티_패션,https://www.youtube.com/channel/UCS7W5pDu-w9rT-2GNdLYHWg
13,뷰티_패션,https://www.youtube.com/channel/UCnekLiljel-Px4ClMC7b3mg
14,뷰티_패션,https://www.youtube.com/channel/UC8_wgZy23gjTNVQeyfwl92g
15,뷰티_패션,https://www.youtube.com/channel/UCLvaHVogti2o0AkXoNZzeKA
16,뷰티_패션,https://www.youtube.com/channel/UCIZ5rCTYJ0s16FgT7OetVEQ
17,뷰티_패션,https://www.youtube.com/channel/UCxM21Vv4bWq106MxIPvrGQw
18,뷰티_패션,https://www.youtube.com/channel/UC8a6z7i9qypp9PqJ_0HhBrw
19,뷰티_패션,https://www.youtube.com/channel/UCuLUOxd7ezJ8c6NSLBNRRfg
