0,스포츠_헬스,https://www.youtube.com/channel/UCdtRAcd3L_UpV4tMXCw63NQ
1,스포츠_헬스,https://www.youtube.com/channel/UCoe-0EVDJnjlSoPK8ygcGwQ
2,스포츠_헬스,https://www.youtube.com/channel/UCq7bR6RxqqOx8cptc1-0AVQ
3,스포츠_헬스,https://www.youtube.com/channel/UCtm_QoN2SIxwCE-59shX7Qg
4,스포츠_헬스,https://www.youtube.com/channel/UCtInrnU3QbWqFGsdKT1GZtg
5,스포츠_헬스,https://www.youtube.com/channel/UCdTDdygpZKdDew2s1s419iw
6,스포츠_헬스,https://www.youtube.com/channel/UCYJDUekoQz0-bo8al1diLWQ
7,스포츠_헬스,https://www.youtube.com/channel/UC3hRpIQ4x5niJDwjajQSVPg
8,스포츠_헬스,https://www.youtube.com/channel/UCF9vbHlZpz7FbOAky3fnYxw
9,스포츠_헬스,https://www.youtube.com/channel/UC2WZ-lHHSOI81g2Jp4BpsWA
10,스포츠_헬스,https://www.youtube.com/channel/UCKEspD9kts44sG5E80kQcjQ
11,스포츠_헬스,https://www.youtube.com/channel/UCJprx3bX49vNl6Bcw01Cwfg
12,스포츠_헬스,https://www.youtube.com/channel/UCLfjwrn-9PxnsvqZj7RFTpQ
13,스포츠_헬스,https://www.youtube.com/channel/UCXtYRuK83skNw84dYS7my7g
14,스포츠_헬스,https://www.youtube.com/channel/UCR1TcyHWcDgR2rL-LQdx2ow
15,스포츠_헬스,https://www.youtube.com/channel/UCT8DsZlac7D1_dx6d8Kh_Qw
16,스포츠_헬스,https://www.youtube.com/channel/UCoHirUZkTs1nOtyJTNbNJ5g
17,스포츠_헬스,https://www.youtube.com/channel/UCnEimkHmf_t2mrc8umoVxlQ
18,스포츠_헬스,https://www.youtube.com/channel/UCQ4eZwsMew7ZaV_HKXnQLGg
19,스포츠_헬스,https://www.youtube.com/channel/UCxHcczukcG21up2MBe8yP_Q
