0,엔터테인먼트,https://www.youtube.com/channel/UC5BMQOsAB8hKUyHu9KI6yig
1,엔터테인먼트,https://www.youtube.com/channel/UCiBr0bK06imaMbLc8sAEz0A
2,엔터테인먼트,https://www.youtube.com/channel/UCTQVIXvcHrR9jYoJ6qaBAow
3,엔터테인먼트,https://www.youtube.com/channel/UC3SyT4_WLHzN7JmHQwKQZww
4,엔터테인먼트,https://www.youtube.com/channel/UCFL1sCAksD6_7JIZwwHcwjQ
5,엔터테인먼트,https://www.youtube.com/channel/UCmjNKt6kITwaZTqvWuaSPLg
6,엔터테인먼트,https://www.youtube.com/channel/UC9w-h_ciMmX64TcLRcb1xPg
7,엔터테인먼트,https://www.youtube.com/channel/UC6erIDuvbOaAO-OT5rB2Xew
8,엔터테인먼트,https://www.youtube.com/channel/UC6zbH1Z4G32bBV9wyK6ikPA
9,엔터테인먼트,https://www.youtube.com/channel/UCcOYEm78CpaZQvPE6LtoSeA
10,엔터테인먼트,https://www.youtube.com/channel/UCk9GmdlDTBfgGRb7vXeRMoQ
11,엔터테인먼트,https://www.youtube.com/channel/UCK1sVuXaDvJeNwl9noN5nOA
12,엔터테인먼트,https://www.youtube.com/channel/UC7lb15P-Hux7A5gBuhCxtuQ
13,엔터테인먼트,https://www.youtube.com/channel/UCkbJc8jMcTXwhtmN5VMwfXg
14,엔터테인먼트,https://www.youtube.com/channel/UCwx6n_4OcLgzAGdty0RWCoA
15,엔터테인먼트,https://www.youtube.com/channel/UCmR-oFhgGGe-dCRiDg2ysLw
16,엔터테인먼트,https://www.youtube.com/channel/UCQ2O-iftmnlfrBuNsUUTofQ
17,엔터테인먼트,https://www.youtube.com/channel/UC1cWTErb7vw_UmmuB0dYgsQ
18,엔터테인먼트,https://www.youtube.com/channel/UChpjIaEgwtDZtmWEkzFulSA
19,엔터테인먼트,https://www.youtube.com/channel/UCtCiO5t2voB14CmZKTkIzPQ
