0,여행_아웃도어,https://www.youtube.com/channel/UC5z2fxN6rs69cSyXur6X6Mg
1,여행_아웃도어,https://www.youtube.com/channel/UCNhofiqfw5nl-NeDJkXtPvw
2,여행_아웃도어,https://www.youtube.com/channel/UCdi8yQBdBfn1ECu3ayH_TnA
3,여행_아웃도어,https://www.youtube.com/channel/UCXTpFs_3PqI41qX2d9tL2Rw
4,여행_아웃도어,https://www.youtube.com/channel/UCZ7qe4QUGie6jtJPPEHQx7Q
5,여행_아웃도어,https://www.youtube.com/channel/UC2hMKdWmTBVJ_PnD4Utubbw
6,여행_아웃도어,https://www.youtube.com/channel/UCY2uWQDCzn_ZE-JpTfDRR2A
7,여행_아웃도어,https://www.youtube.com/channel/UCvuwlY4fWkWMuzRkj5MAK9Q
8,여행_아웃도어,https://www.youtube.com/channel/UC084zOc5knHoHr81teIziwQ
9,여행_아웃도어,https://www.youtube.com/channel/UCwjMQYL9vgbqGzxYW6dVhTw
10,여행_아웃도어,https://www.youtube.com/channel/UClRNDVO8093rmRTtLe4GEPw
11,여행_아웃도어,https://www.youtube.com/channel/UCgDlijNPh7yHQNv0YdL11fQ
12,여행_아웃도어,https://www.youtube.com/channel/UC223G1Qi7_WWZqN6gtxCtSw
13,여행_아웃도어,https://www.youtube.com/channel/UCCjJV_nxuPQ_fWGkAkA46fA
14,여행_아웃도어,https://www.youtube.com/channel/UCFw4M1BJYYdN1YtS8SzlDzg
15,여행_아웃도어,https://www.youtube.com/channel/UCeyU98dnBQ18KdThUqSvBtA
16,여행_아웃도어,https://www.youtube.com/channel/UCfak21UYFUer7Nhucu3CuJA
17,여행_아웃도어,https://www.youtube.com/channel/UCPll9ZfV8mThBCT1qKTeQZQ
18,여행_아웃도어,https://www.youtube.com/channel/UC95bEkaIgwhxSjSsdMFXYGg
19,여행_아웃도어,https://www.youtube.com/channel/UCI-Ho-GaKYbtMzXJWmWAsrg
