0,영화_애니메이션,https://www.youtube.com/channel/UCx4IY_sYVTL6RQu30Cprm8A
1,영화_애니메이션,https://www.youtube.com/channel/UCINr5W7cwW06ADtsszAToAw
2,영화_애니메이션,https://www.youtube.com/channel/UCmElsfgN0WY4ycwKHKWbTyg
3,영화_애니메이션,https://www.youtube.com/channel/UCRuSxVu4iqTK5kCh90ntAgA
4,영화_애니메이션,https://www.youtube.com/channel/UCIbRieQoLhVIkHHMEQo906A
5,영화_애니메이션,https://www.youtube.com/channel/UC_AIPNN0uH7H7p9e8lnVMVQ
6,영화_애니메이션,https://www.youtube.com/channel/UCpcft4FJXgUjnxWoQYsl7Ug
7,영화_애니메이션,https://www.youtube.com/channel/UCszFjh7CEfwDb7UUGb4RzCQ
8,영화_애니메이션,https://www.youtube.com/channel/UCUlgsSqzzYKjYCW8h7jr9Vw
9,영화_애니메이션,https://www.youtube.com/channel/UCaHGOzOyeYzLQeKsVkfLEGA
10,영화_애니메이션,https://www.youtube.com/channel/UCaaZFxjlHI3T_I-uFbldIGA
11,영화_애니메이션,https://www.youtube.com/channel/UC79hJz6y1EEiIkwfHOuWC4w
12,영화_애니메이션,https://www.youtube.com/channel/UCvzGlP9oQwU--Y0r9id_jnA
13,영화_애니메이션,https://www.youtube.com/channel/UCb-c98WoxPrGxutKL0NrgMw
14,영화_애니메이션,https://www.youtube.com/channel/UCNhAkSJcEx5aL0vsVSKHOZw
15,영화_애니메이션,https://www.youtube.com/channel/UCA1TSDo1NXAGySZvqmX2A2Q
16,영화_애니메이션,https://www.youtube.com/channel/UCEnaoRpbxiSbAhBkuvODGpw
17,영화_애니메이션,https://www.youtube.com/channel/UCSQkftbg2z4kz4NNBVs6CIQ
18,영화_애니메이션,https://www.youtube.com/channel/UCpCiIDf9UrfRqte55FHWlYQ
19,영화_애니메이션,https://www.youtube.com/channel/UCMguxwveCsLVpyKrLz-EFTg
