0,인물_유명인,https://www.youtube.com/channel/UCDhM2k2Cua-JdobAh5moMFg
1,인물_유명인,https://www.youtube.com/channel/UC8gFadPgK2r1ndqLI04Xvvw
2,인물_유명인,https://www.youtube.com/channel/UCwgtORdDtUKhpjE1VBv6XfA
3,인물_유명인,https://www.youtube.com/channel/UCg-p3lQIqmhh7gHpyaOmOiQ
4,인물_유명인,https://www.youtube.com/channel/UC8vwuAB2iTT-lN_WOrjaSyw
5,인물_유명인,https://www.youtube.com/channel/UCk2E0dbAyEJWnrN2bbQOcbg
6,인물_유명인,https://www.youtube.com/channel/UCUyr5000laFgF79tWJB3rXQ
7,인물_유명인,https://www.youtube.com/channel/UC-ZHt5Zgadfx-B1CM63Lqew
8,인물_유명인,https://www.youtube.com/channel/UC9GtSLeksfK4yuJ_g1lgQbg
9,인물_유명인,https://www.youtube.com/channel/UC0uTcuuOtUFwtn9aKUVGjXg
10,인물_유명인,https://www.youtube.com/channel/UCb0vzLwvr7xbJgdqMzejDhw
11,인물_유명인,https://www.youtube.com/channel/UCN2bQLTTvNPZWCWU5TYghKA
12,인물_유명인,https://www.youtube.com/channel/UCIcXK1CI8URMIqNO_1cehiQ
13,인물_유명인,https://www.youtube.com/channel/UCcjV926qiLr_Ghw6A0lTNjA
14,인물_유명인,https://www.youtube.com/channel/UCPo70pynefJ90wBqCEryZWg
15,인물_유명인,https://www.youtube.com/channel/UCYgUhR7EGKauFXgJS0pckGg
16,인물_유명인,https://www.youtube.com/channel/UCUX1V5UNWP1RUkhLewe77ZQ
17,인물_유명인,https://www.youtube.com/channel/UCj-durTg1W7uWsB8oq0u7kA
18,인물_유명인,https://www.youtube.com/channel/UCIG4gr_wIy5CIlcFciUbIQw
19,인물_유명인,https://www.youtube.com/channel/UCFipx49muiJ8-d2YsnLlNVw
