0,정부_기관_비영리,https://www.youtube.com/channel/UCl_tB4AqPkkxuYcJQHz6dMw
1,정부_기관_비영리,https://www.youtube.com/channel/UCLjGAm9RZZF1UDXl-ZIf9ww
2,정부_기관_비영리,https://www.youtube.com/channel/UCeFUGS2VCOb6DO3BiUgvwNA
3,정부_기관_비영리,https://www.youtube.com/channel/UCUxTPRSns--l5BX2537u7Rw
4,정부_기관_비영리,https://www.youtube.com/channel/UCXNMgSZqmfX1_K8Uf4l4sog
5,정부_기관_비영리,https://www.youtube.com/channel/UCOozqNhXDcb6gg6oaU7uImA
6,정부_기관_비영리,https://www.youtube.com/channel/UCqCqf21juyyL_8peGs2CWGg
7,정부_기관_비영리,https://www.youtube.com/channel/UCB8GtWm-5xKmIeh9ssIDyBA
8,정부_기관_비영리,https://www.youtube.com/channel/UCtlz8pU3IiHf77V8s740-pQ
9,정부_기관_비영리,https://www.youtube.com/channel/UC0NOO9jkIj_4ML7IbtTwQHQ
10,정부_기관_비영리,https://www.youtube.com/channel/UCLduRrN7-DUe4PttTXqZtUQ
11,정부_기관_비영리,https://www.youtube.com/channel/UCrnxDS-QclED-ej-MFxr8tA
12,정부_기관_비영리,https://www.youtube.com/channel/UCBoZynea6G3hIgMA1NEQ-zw
13,정부_기관_비영리,https://www.youtube.com/channel/UCorzviWP2ZJQS9qbGnej9Yg
14,정부_기관_비영리,https://www.youtube.com/channel/UC7-PyZbi_QIthI3WFtopzLw
15,정부_기관_비영리,https://www.youtube.com/channel/UCnCdjk03MDrQXKiXeA_vUQg
16,정부_기관_비영리,https://www.youtube.com/channel/UC8J8ZN2Wl6jPsdgCvRmXi4g
17,정부_기관_비영리,https://www.youtube.com/channel/UCev47mZSefA6nM--tDxcxVA
18,정부_기관_비영리,https://www.youtube.com/channel/UCLbOYoltlCD0LN06fSwKTsQ
19,정부_기관_비영리,https://www.youtube.com/channel/UCchCbWi1Mvibb6ddcZrrOHQ
