0,차_배_바이크,https://www.youtube.com/channel/UCPOhQupz3MwGSIBG0OqVnAg
1,차_배_바이크,https://www.youtube.com/channel/UC86SBFIAgnYL3ll2ZDgmsuA
2,차_배_바이크,https://www.youtube.com/channel/UC_BaxRhNREI_V0DVXjXDALA
3,차_배_바이크,https://www.youtube.com/channel/UCFfFgeKVVhjXtQSXRj3e-Iw
4,차_배_바이크,https://www.youtube.com/channel/UCiMpBxWnunMYzRUc2NDh33A
5,차_배_바이크,https://www.youtube.com/channel/UC5G6kTnHXDz0WIBC2VGBOqg
6,차_배_바이크,https://www.youtube.com/channel/UCFUpTxU3nlGed-suY-FjjxA
7,차_배_바이크,https://www.youtube.com/channel/UC_ydqmzXL5ucG_O2uu3tnkg
8,차_배_바이크,https://www.youtube.com/channel/UCd5CdYxogKBwvv1xyuxhvZA
9,차_배_바이크,https://www.youtube.com/channel/UCMTZqwCdw9Nynw9BkCgfeRQ
10,차_배_바이크,https://www.youtube.com/channel/UCf1XIplYiqNv9baGsFHwPPQ
11,차_배_바이크,https://www.youtube.com/channel/UCwYBalRmW9x2s6RnbxWfCiA
12,차_배_바이크,https://www.youtube.com/channel/UCChdwfg0T9qJd_vdGFMTiBg
13,차_배_바이크,https://www.youtube.com/channel/UCt-CaWCh0LkGuKJnPTbOVtQ
14,차_배_바이크,https://www.youtube.com/channel/UCwkDQ8tE_3UhB8LcnvUv0Fw
15,차_배_바이크,https://www.youtube.com/channel/UCw0qRuJiJ47bLwUc_YgS3TQ
16,차_배_바이크,https://www.youtube.com/channel/UCSuhLNKQsW0-_JtjzIumbvA
17,차_배_바이크,https://www.youtube.com/channel/UCp0B9n0YYC8E8bJmS5i4oqw
18,차_배_바이크,https://www.youtube.com/channel/UC8av1CNslnPQS3N08rkzzhQ
19,차_배_바이크,https://www.youtube.com/channel/UCD4NnnbISbr4dvmmzQxC2bA
