0,키즈,https://www.youtube.com/channel/UCKqx9r4mrFglauNBJc1L_eg
1,키즈,https://www.youtube.com/channel/UC6ye474SJCiPsEPueO_b3Gw
2,키즈,https://www.youtube.com/channel/UCqXwKu6dKobXEQFhdKtiJLQ
3,키즈,https://www.youtube.com/channel/UCph-WGR0oCbJDpaWmNHb5zg
4,키즈,https://www.youtube.com/channel/UCVihezVtsguXEouYvtKmKYA
5,키즈,https://www.youtube.com/channel/UCPGFLUUESbnhkOTpIt71Awg
6,키즈,https://www.youtube.com/channel/UC2NvqL2gbWQXbfnLN7C9XFg
7,키즈,https://www.youtube.com/channel/UCeZQXIvIl3Nt53JhP9bv-LA
8,키즈,https://www.youtube.com/channel/UC-oIulX1JBJ0aKAB0GHnThA
9,키즈,https://www.youtube.com/channel/UCraaN4FiNe7l3F4XR6s246A
10,키즈,https://www.youtube.com/channel/UCtzr07Iifce7-48Kw1phdzg
11,키즈,https://www.youtube.com/channel/UCUf7BpZJOP4YnfF2iVDt-_Q
12,키즈,https://www.youtube.com/channel/UCnCXqo9jcQaHjW0iZM7tPOQ
13,키즈,https://www.youtube.com/channel/UC3sCmmMaM383cjv1jNdiU2w
14,키즈,https://www.youtube.com/channel/UCscjd-azZ1AqHxxrO6YDIQg
15,키즈,https://www.youtube.com/channel/UCURffR0e_FPKnDuzQ0XyWhw
16,키즈,https://www.youtube.com/channel/UCnHCaT79--qqZKBSWoJq_NA
17,키즈,https://www.youtube.com/channel/UCPUeGC_AL-OnDQORKhRm6iA
18,키즈,https://www.youtube.com/channel/UCNVE4szbMrOZk9IheX8vHbQ
19,키즈,https://www.youtube.com/channel/UCLB6-ZZk3ShmiqW7rQxkCNw
