0,경제_금융_재테크,https://www.youtube.com/channel/UC3DYSay178fMMPaf3zHwECA
1,경제_금융_재테크,https://www.youtube.com/channel/UCsJ6RuBiTVWRX156FVbeaGg
2,경제_금융_재테크,https://www.youtube.com/channel/UCaJdckl6MBdDPDf75Ec_bJA
3,경제_금융_재테크,https://www.youtube.com/channel/UChlv4GSd7OQl3js-jkLOnFA
4,경제_금융_재테크,https://www.youtube.com/channel/UCVfQkDXSIQwHLsaKf-kVVYQ
5,경제_금융_재테크,https://www.youtube.com/channel/UC9O3lpKiBbYh7KIoGU4_vZg
6,경제_금융_재테크,https://www.youtube.com/channel/UCZW1d7B2nYqQUiTiOnkirrQ
7,경제_금융_재테크,https://www.youtube.com/channel/UCIALMKvObZNtJ6AmdCLP7Lg
8,경제_금융_재테크,https://www.youtube.com/channel/UCSBkxNn3F6JaOxOgxP7Zbkg
9,경제_금융_재테크,https://www.youtube.com/channel/UCq7h8qFlHN5FL_T6waKZllw
10,경제_금융_재테크,https://www.youtube.com/channel/UCZS9wEZ4itPbBZk_sqccXfw
11,경제_금융_재테크,https://www.youtube.com/channel/UCvil4OAt-zShzkKHsg9EQAw
12,경제_금융_재테크,https://www.youtube.com/channel/UCjNybK46MDtOBnVYNUPh7rQ
13,경제_금융_재테크,https://www.youtube.com/channel/UCF8AeLlUbEpKju6v1H6p8Eg
14,경제_금융_재테크,https://www.youtube.com/channel/UCCG6BEYjfQMGzypJw2EJCDQ
15,경제_금융_재테크,https://www.youtube.com/channel/UCaWi2foADm_lKAKnmeQwLSA
16,경제_금융_재테크,https://www.youtube.com/channel/UCnLO88Oop5XZOQ3PP2U9wvw
17,경제_금융_재테크,https://www.youtube.com/channel/UCzp9CmDIFVNtzhyOjptIi4g
18,경제_금융_재테크,https://www.youtube.com/channel/UClErHbdZKUnD1NyIUeQWvuQ
19,경제_금융_재테크,https://www.youtube.com/channel/UCOMG2V-vUgYX0aHiBDbBTyg
