0,라이프스타일,https://www.youtube.com/channel/UCZqY2yIsAM9wh3vvMwKd27g
1,라이프스타일,https://www.youtube.com/channel/UCk6bX-MZXdte_7kG8TbMkqg
2,라이프스타일,https://www.youtube.com/channel/UCpg89Ys3E4BaLGgEEWVmI9g
3,라이프스타일,https://www.youtube.com/channel/UCO5p-c9u1-fi3E6EeRQKJig
4,라이프스타일,https://www.youtube.com/channel/UCazay-C-shtEEUO78ObKGJg
5,라이프스타일,https://www.youtube.com/channel/UCdld7SHk9IyYSkNrHA9B6Dw
6,라이프스타일,https://www.youtube.com/channel/UClECKvorc7Ul-a_wWAeoWUg
7,라이프스타일,https://www.youtube.com/channel/UC6Jl3MrfGBvRYxXgdDxXzVA
8,라이프스타일,https://www.youtube.com/channel/UCy0229ISL-677SAuK_1In_A
9,라이프스타일,https://www.youtube.com/channel/UCOBHKG15OQ71uXgUVnaaIJg
10,라이프스타일,https://www.youtube.com/channel/UCaPQb6zHlBXzdMW_QzKh1Kw
11,라이프스타일,https://www.youtube.com/channel/UC497tVZykgrFrJvDXdI_-SA
12,라이프스타일,https://www.youtube.com/channel/UC-Kyt7UqHYktBZtmHttwtAw
13,라이프스타일,https://www.youtube.com/channel/UCRcFxTTnMEMt1Dp3PngdA7g
14,라이프스타일,https://www.youtube.com/channel/UCecyOxHZpL3yfNFaUz2W_Ow
15,라이프스타일,https://www.youtube.com/channel/UCNJTPOFN-13sb5JGrY1mNQg
16,라이프스타일,https://www.youtube.com/channel/UC1q0D4R8xj7VBA3wSbNIT0A
17,라이프스타일,https://www.youtube.com/channel/UC1SvRq3YzZACheYynsDrXmw
18,라이프스타일,https://www.youtube.com/channel/UCcA88_Z7wQWMoQ9bKwjuanA
19,라이프스타일,https://www.youtube.com/channel/UC4yq3FWEWqMvFNFBsV3gbKQ
