0,음악_댄스,https://www.youtube.com/channel/UCOmHUn--16B90oW2L6FRR3A
1,음악_댄스,https://www.youtube.com/channel/UC3IZKseVpdzPSBaWxBxundA
2,음악_댄스,https://www.youtube.com/channel/UCLkAepWjdylmXSltofFvsYQ
3,음악_댄스,https://www.youtube.com/channel/UCEf_Bc-KVd7onSeifS3py9g
4,음악_댄스,https://www.youtube.com/channel/UCw8ZhLPdQ0u_Y-TLKd61hGA
5,음악_댄스,https://www.youtube.com/channel/UCweOkPb1wVVH0Q0Tlj4a5Pw
6,음악_댄스,https://www.youtube.com/channel/UCaO6TYtlC8U5ttz62hTrZgg
7,음악_댄스,https://www.youtube.com/channel/UCbD8EppRX3ZwJSou-TVo90A
8,음악_댄스,https://www.youtube.com/channel/UClkRzsdvg7_RKVhwDwiDZOA
9,음악_댄스,https://www.youtube.com/channel/UCzgxx_DM2Dcb9Y1spb9mUJA
10,음악_댄스,https://www.youtube.com/channel/UC_pwIXKXNm5KGhdEVzmY60A
11,음악_댄스,https://www.youtube.com/channel/UCe52oeb7Xv_KaJsEzcKXJJg
12,음악_댄스,https://www.youtube.com/channel/UCepUWUpH45hRTi-QePdq1Bg
13,음악_댄스,https://www.youtube.com/channel/UCzCedBCSSltI1TFd3bKyN6g
14,음악_댄스,https://www.youtube.com/channel/UCtiObj3CsEAdNU6ZPWDsddQ
15,음악_댄스,https://www.youtube.com/channel/UCgI8VzlDGsHCp0-9Een1eKw
16,음악_댄스,https://www.youtube.com/channel/UCfkXDY7vwkcJ8ddFGz8KusA
17,음악_댄스,https://www.youtube.com/channel/UCjWRi2qaGtKjQyoQLc4OGkw
18,음악_댄스,https://www.youtube.com/channel/UCeLPm9yH_a_QH8n6445G-Ow
19,음악_댄스,https://www.youtube.com/channel/UCPde4guD9yFBRzkxk2PatoA
