0,푸드_쿠킹,https://www.youtube.com/channel/UC2fsxQr6Hcx1enORxXgKpxQ
1,푸드_쿠킹,https://www.youtube.com/channel/UCxtLc0Jqq3SKBWlIXM_OC9g
2,푸드_쿠킹,https://www.youtube.com/channel/UCPKNKldggioffXPkSmjs5lQ
3,푸드_쿠킹,https://www.youtube.com/channel/UCIafb9ExBkh4WsCOagZssZA
4,푸드_쿠킹,https://www.youtube.com/channel/UC4PpFUrfT2Pou7OwpVF0MUQ
5,푸드_쿠킹,https://www.youtube.com/channel/UC2B5onlYkZ7IaVekR9yIB6w
6,푸드_쿠킹,https://www.youtube.com/channel/UCoLQZ4ZClFqVPCvvjuiUSRA
7,푸드_쿠킹,https://www.youtube.com/channel/UCRtoqRleHkDQRVgN9OwV6TA
8,푸드_쿠킹,https://www.youtube.com/channel/UCiiV8stcewhoCNyiErr7GtA
9,푸드_쿠킹,https://www.youtube.com/channel/UCyn-K7rZLXjGl7VXGweIlcA
10,푸드_쿠킹,https://www.youtube.com/channel/UCfpaSruWW3S4dibonKXENjA
11,푸드_쿠킹,https://www.youtube.com/channel/UC-i2ywiuvjvpTy2zW-tXfkw
12,푸드_쿠킹,https://www.youtube.com/channel/UCbzI92w5vWa6mEj1dACfy6g
13,푸드_쿠킹,https://www.youtube.com/channel/UCPWFxcwPliEBMwJjmeFIDIg
14,푸드_쿠킹,https://www.youtube.com/channel/UCtby6rJtBGgUm-2oD_E7bzw
15,푸드_쿠킹,https://www.youtube.com/channel/UC2wZJuuD_WA9ps2FORco1EQ
16,푸드_쿠킹,https://www.youtube.com/channel/UCWUwriihuQ_ybNrAOqbg3yg
17,푸드_쿠킹,https://www.youtube.com/channel/UCALl6UrYtJndCXo2p6hANPQ
18,푸드_쿠킹,https://www.youtube.com/channel/UCFiYPUhUzLKoi-cZ0AwpjLA
19,푸드_쿠킹,https://www.youtube.com/channel/UC03jtg6Imz882ZCPnB7bZ0w
